{"X_min": [0.1550420400274924, 0.12051492217668458, 0.10082586987406313, 0.010769708006093634, 0.010447011020178351, 0.0103242416103222, 0.140868582301482, 0.03144293105887089], "X_max": [0.7492361733969652, 0.7995311377768921, 0.7486752939205465, 0.19868171781721777, 0.19986780091143597, 0.1796350012953048, 0.7492691481725982, 0.3200591311921519]}